issue_number,pr_number,source
382,383,pr_body
388,389,pr_body
1368,1562,pr_body
1644,1774,pr_body
2335,3050,pr_body
2347,2413,pr_body
2603,2732,pr_body
2603,2783,pr_body
3747,3765,pr_body
4607,4842,pr_body
9107,9262,pr_body
9340,9709,pr_body
10335,10387,pr_body
10481,10553,pr_body
10832,10833,pr_body
12277,12280,pr_body
12509,12517,pr_body
12752,12760,pr_body
13240,13250,pr_body
13258,13313,pr_body
13962,14233,pr_body
14143,14195,pr_body
14365,14378,pr_body
14365,14642,pr_body
14632,14634,pr_body
14877,14888,pr_body
